{"async": [[600, 8, 7.8791989000001195], [400, 10, 18.836076500000217], [400, 11, 36.59972400000015], [400, 12, 72.00195470000017]], "serial": [[600, 8, 72.08524320000015], [400, 10, 61.6502246], [400, 11, 79.68762109999989], [400, 12, 114.40777070000013]], "no IO": [[600, 8, 6.934992399999828], [400, 10, 17.333072299999913], [400, 11, 35.08934500000032], [400, 12, 71.84692929999983]], "file IO": [[600, 8, 7.0801400000000285], [400, 10, 17.32259320000003], [400, 11, 34.579460400000244], [400, 12, 69.11800129999983]], "batches": [[600, 8, 8.02411919999986], [400, 10, 17.9841593000001], [400, 11, 35.328348300000016], [400, 12, 69.9874605]], "async+uvloop": [[600, 8, 7.67471230000001], [400, 10, 18.788430900000094], [400, 11, 36.621138900000005], [400, 12, 72.09429120000004]]}